,Unnamed: 0,Address,Rent,Bedrooms,Bathrooms,Cooling,Heating,Laundry,Pets,Parking,Studio,NYC
0,0,E 16th St,2500,3,2,1,1,1,1,0,0,0
1,2,120 Wyckoff Ave # 2F,1750,1,1,0,0,0,1,0,0,0
2,3,333 E 102nd St APT 205,3495,2,2,0,0,1,1,0,0,1
3,4,247 Mulberry St APT 3L,4250,1,1,1,1,0,1,0,0,1
4,5,315 E 56th St APT 3D,3311,1,1,0,0,1,1,0,0,1
5,6,219 E 76th St APT 2A,2200,0,1,0,0,0,1,0,1,1
6,7,317 W 21st St APT 3D,2925,1,1,0,0,1,1,0,0,1
7,8,323 E 93rd St APT 1E,2850,2,1,0,0,0,1,0,0,1
8,9,78 Cornelia St APT 1,2900,2,1,0,0,0,1,0,0,0
9,10,66 Bainbridge St APT 4,2600,2,1,0,0,1,1,0,0,0
10,11,271 Clarkson Ave # 217,2250,2,1,0,0,1,1,1,0,0
11,12,Bay 31st St,1650,2,1,0,0,0,0,0,0,0
12,13,150 E 85th St APT 11E,3395,1,1,0,0,1,1,0,0,1
13,14,454 W 36th St APT 1FE,2400,2,1,0,0,0,1,0,0,1
14,15,329 E 75th St APT 1D,1895,0,1,0,0,0,1,0,1,1
15,16,65 Columbia St # 20,1850,2,1,1,1,1,1,0,0,1
16,17,418 E 84th St APT 3C,2000,0,1,0,0,0,1,0,1,1
17,18,E 96th St,2395,3,1,0,0,0,0,0,0,0
18,19,646 W End Ave # 4CG,2375,1,1,0,0,0,1,0,0,1
19,20,438 E 75th St APT 2RE,2245,2,1,0,0,0,1,0,0,1
20,21,303 10th Ave # 70A,5910,3,2,1,1,1,1,0,0,1
21,22,100 Norfolk St,19800,2,2,1,1,1,1,1,0,1
22,23,85 Christopher St APT 2A,2595,0,1,0,0,0,1,0,1,1
23,24,56 S Portland Ave APT 9,2600,1,1,0,0,0,0,0,0,0
24,25,W 9th St,1300,1,1,0,0,1,0,0,0,0
25,26,70th St,2000,2,1,0,0,0,0,0,0,0
26,27,921 Saint Marks Ave # 3C33,2200,2,1,0,0,0,1,0,0,0
27,28,940 Atlantic Ave # 2C,2950,2,1,0,0,1,1,0,0,0
28,29,252 Driggs Ave APT 2R,2299,1,1,0,0,0,0,0,0,0
29,30,388 Clifton Pl # 4FF,2395,2,1,0,0,1,1,0,0,0
30,31,445 W 19th St APT 8A,2700,0,1,0,0,1,1,0,1,1
31,32,141 Ridge St APT A,3018,1,1,0,0,1,1,0,0,1
32,33,146 E 46th St APT 5F,2300,0,1,0,0,1,1,0,1,1
33,34,57 Herkimer St APT 190,1650,0,1,0,0,0,1,0,1,0
34,35,715 Prospect Pl # 2A,2253,1,1,1,1,1,1,0,0,0
36,37,54 W 74th St APT 504,3950,1,1,0,0,1,1,0,0,1
37,38,134 E 22nd St APT 605,3400,1,1,1,1,1,1,0,0,1
38,39,321 W 11th St APT 2C,4995,2,1,0,0,1,1,0,0,1
39,40,512 E 5th St APT 14,2075,0,1,0,0,0,1,0,1,1
40,41,670 4th Ave APT 1A,2700,3,2,0,0,1,1,0,0,0
41,42,Pitkin Ave,2250,3,1,0,0,0,0,0,0,0
42,43,259 W 19th St APT 5SW,2850,0,1,0,0,1,1,0,1,1
43,44,127 Rivington St APT A,2395,1,1,0,0,0,1,0,0,1
44,45,316 E 89th St APT 3B,1900,1,1,0,0,0,1,0,0,1
45,46,401 W 22nd St APT 5C,3900,1,1,0,0,1,1,0,0,1
46,47,1661 Dekalb Ave APT 3L,2300,2,1,0,0,0,1,0,0,0
47,48,177 E 3rd St APT 1B,2800,1,1,0,0,0,1,0,0,1
48,49,403 E 90th St APT 4W,3300,1,1,0,0,1,1,0,0,1
49,50,73 Skillman Ave APT 7,2500,3,1,0,0,0,1,0,0,0
50,51,947 Thomas S Boyland St # 3,2300,3,1,0,0,0,1,0,0,0
51,52,192 Schaefer St # 21,2300,3,1,1,1,1,1,0,0,0
52,53,1479 York Ave # 4SW,3395,2,2,0,0,1,1,0,0,1
53,54,155 E 75th St APT 3W,5850,3,2,1,1,1,0,1,0,1
54,55,339 E 75th St APT 4,4000,2,1,1,1,1,1,0,0,1
55,56,161 Noll St # 2,3000,3,1,1,1,0,1,0,0,0
56,57,178 Ralph Ave # NUMBER2,1900,2,1,0,0,0,1,0,0,0
57,58,188 Scholes St # 204,2500,1,1,1,1,1,1,1,0,0
58,59,173 Classon Ave # 3R,2500,2,2,0,0,0,1,0,0,0
59,60,1399 Saint Johns Pl APT 17,1800,2,1,0,0,0,1,0,0,0
60,61,116 N 9th St APT 2,2995,2,1,0,0,0,1,0,0,0
61,62,233 E 14th St APT 4A,6400,4,1,0,0,0,1,0,0,1
62,63,442 E 9th St # 1F,4500,3,2,0,0,0,1,0,0,1
63,64,1675 W 1st St # 1,2300,3,1,0,0,0,0,0,0,0
64,65,123 E 54th St APT 5C,3650,2,1,0,0,1,1,0,0,1
65,66,242 E 7th St APT 3,5250,1,1.5,0,0,0,1,0,0,1
66,67,175 3rd Ave APT 3C,3800,3,1,0,0,0,1,0,0,1
67,68,83rd St,2600,3,2,1,1,0,0,0,0,0
68,70,77 Clifton Pl # 333F,5134,4,2,0,0,1,1,0,0,0
69,71,350 Melrose St # 3RR,2500,2,2,0,0,0,1,0,0,0
70,72,837 Bedford Ave # 1E,1995,1,1,0,0,1,1,0,0,0
71,73,Avenue Z,2200,3,1,1,1,1,0,0,0,0
72,74,284 Mulberry St APT 14,2750,1,1,0,0,0,1,0,0,1
73,75,5 Linden Blvd APT 2C,1900,2,1,0,0,0,1,0,0,0
74,76,112 E 103rd St APT 15,2575,2,1,0,0,1,1,0,0,1
75,77,333 E 54th St APT 1H,2250,0,1,0,0,1,1,0,1,1
76,79,46 W 14th St # 4A,9000,4,2,1,1,1,1,0,0,1
77,80,80th St,2700,3,2,1,1,0,0,0,0,0
78,81,309 E 76th St # 1ER,2395,1,1,0,0,0,1,0,0,1
79,82,267 W 70th St # 1902A,3200,1,1,0,0,1,1,0,0,1
80,83,249 Skillman Ave # 2A,2900,3,2,0,0,0,1,0,0,0
81,84,409 E 90th St APT 7,2700,2,1,0,0,0,1,0,0,1
82,85,3148 Kings Hwy,1700,4,1,0,0,0,1,0,0,0
83,86,235 E 111th St APT 1D,1895,1,1,1,1,1,1,0,0,1
84,87,309 E 61st St APT 3,2511,1,1,0,0,0,1,0,0,1
85,88,122 E 103rd St APT 8A,2575,2,1,0,0,1,1,0,0,1
86,89,537 Chauncey St # 1,2375,3,1,1,1,1,1,0,0,0
87,90,538 W 47th St APT 1D,2075,1,1,0,0,0,1,0,0,1
88,91,300 W 53rd St APT 6G,2450,1,1,0,0,1,1,0,0,1
89,92,248 W 17th St APT 305,2395,0,1,0,0,1,0,0,1,1
90,93,89 3rd St # 3,2300,1,1,0,0,0,1,0,0,0
91,94,113 W 13th St # 29,3550,1,1,0,0,0,1,0,0,1
92,95,465 Lexington Ave # 5A,2450,0,1,0,0,0,1,0,1,1
93,97,178 Scholes St # 2E,2750,1,1,1,1,1,1,1,0,0
94,98,236 W 26th St RM 11NW,9950,2,2,1,1,1,1,0,0,1
95,99,1623 3rd Ave APT 13C,3400,2,1,0,0,1,1,1,0,1
96,100,611 Surf Ave # 22,3000,2,1,1,1,1,1,1,0,0
97,101,631 E 9th St APT 2A,5995,2,2,1,1,1,1,0,0,1
98,102,994 4th Ave APT 2,1800,2,1,0,0,0,1,0,0,0
99,103,8765 26th Ave FL 2ND,2100,4,1,0,0,0,1,0,0,0
100,104,865 United Nations Plz APT 10B,2800,0,1,0,0,1,1,0,1,1
101,105,318 E 117th St PH A,3250,2,2,0,0,1,1,0,0,1
102,106,155 E 29th St APT 12J,3525,1,1,0,0,1,1,1,0,1
103,107,Brightwater Ave,2250,2,1,1,1,1,1,0,0,0
104,108,226 W 16th St APT A2,2675,1,1,0,0,0,1,0,0,1
105,109,243 Devoe St APT 1R,2399,1,1,0,0,1,1,0,0,0
106,110,758 10th Ave APT 4S,3100,1,1,0,0,1,1,0,0,1
107,111,918 Manhattan Ave APT 3,3800,2,1,0,0,0,1,0,0,0
108,112,647 New Jersey Ave # 1,2300,3,1,0,0,0,1,0,0,0
109,113,9 E 10th St APT 4F,6000,2,1,0,0,1,1,0,0,1
110,114,12 W 18th St APT 3W,10000,2,2,1,1,1,1,0,0,1
111,115,219 W 14th St APT 3F,4500,1,1,0,0,1,0,0,0,1
112,116,155 W 68th St APT 1409,4050,1,1,0,0,1,1,1,0,1
113,117,160 Wooster St APT 5C,15000,2,2.5,1,1,1,1,0,0,1
114,118,331 W End Ave # 3,2495,1,1,0,0,0,1,0,0,1
115,119,791 Broadway # A,4695,2,1,0,0,1,1,0,0,1
116,120,160 Allen St APT 19,2050,1,1,0,0,0,1,0,0,1
117,121,254 E 68th St APT 9A,11500,3,3,0,0,1,1,1,0,1
118,122,231 E 53rd St APT 1C,2270,0,1,1,1,1,1,0,1,1
119,123,8 E 32nd St # 9A,4450,3,2,0,0,1,1,0,0,1
120,124,370 E 69th St APT 3J,2295,0,1,0,0,1,1,0,1,1
122,126,404 E 75th St APT 4B,1925,0,1,0,0,1,1,0,1,1
123,127,2327 1st Ave FRNT 1,1999,2,1,0,0,0,1,0,0,1
124,128,17 Wilson Ave # 308,1800,1,1,0,0,0,1,0,0,0
125,129,1436 Greene Ave APT 2R,2450,2,1,1,1,0,1,0,0,0
126,130,307 E 91st St # 2F,2500,2,1,0,0,0,1,0,0,1
127,131,144 Ludlow St # MC4BB8R2V,3494,1,1,0,0,1,1,0,0,1
128,132,Legion St,2400,3,1,0,0,0,0,0,0,0
129,133,382 Macon St APT 3,2075,2,1,0,0,0,1,1,0,0
130,134,500 Saint Johns Pl APT 3L,1900,1,1,0,0,1,1,0,0,0
131,135,20 W 87th St APT 6C,2890,1,1,0,0,1,1,0,0,1
132,136,153 E 26th St APT 4B,5233,3,2,0,0,0,1,0,0,1
133,137,992 E 14th St # 2D,2299,3,1,0,0,0,1,0,0,0
134,138,1226 Lincoln Pl # D404,2095,2,1,0,0,1,1,0,0,0
135,139,306 E 83rd St # 3,2600,1,1,0,0,0,1,0,0,1
136,140,93 Clinton St APT C,2175,1,1,0,0,0,0,0,0,1
137,141,442 W 54th St APT 14A,2300,2,1,0,0,1,1,0,0,1
138,142,200 Dekalb Ave # 2,3995,2,1,1,1,1,1,0,0,0
139,143,342 E 120th St APT 3F,1950,1,1,0,0,0,1,0,0,1
140,144,6921 Fort Hamilton Pkwy APT 5,1400,1,1,0,0,0,0,0,0,0
141,145,266 10th St # 2,1999,2,1,0,0,0,1,0,0,0
143,147,308 E 106th St # A1,1899,1,1,0,0,1,1,0,0,1
144,148,1 Pine St # 1,1900,2,1,0,0,0,0,0,0,0
145,149,555 39th St APT 2F,1650,1,1,0,0,1,0,0,0,0
146,150,459 Eastern Pkwy # 2,2900,2,1,0,0,1,1,0,0,0
147,152,109 E 2nd St APT 1D,2000,0,1,0,0,0,1,0,1,1
148,153,240 W 101st St # 9,2400,1,1,0,0,0,1,0,0,1
149,154,336 E 30th St APT 3B,2545,1,1,0,0,0,1,0,0,1
150,155,Bragg St,2400,3,2,1,1,1,0,0,0,0
151,156,154 Grand St APT 9,2375,2,1,0,0,0,1,0,0,0
152,157,103 Essex St APT 5R,4150,2,1,0,0,0,0,0,0,1
153,158,240 W 20th St APT 2B,2750,1,1,0,0,0,1,0,0,1
154,159,115 Graham Ave # 2R,2108,1,1,0,0,0,1,0,0,0
155,160,340 W 49th St APT 2RW,2353,1,1,0,0,1,1,0,0,1
156,161,215 E 110th St APT 3B,1800,1,1,0,0,0,1,0,0,1
157,162,252 E 74th St APT 3G,2600,2,1,0,0,0,1,0,0,1
158,163,120 E 37th St APT 4R,2950,1,1,0,0,0,1,0,0,1
159,164,957 Kent Ave APT 4D,2999,3,1,1,1,0,1,0,0,0
160,165,576 Washington Ave # 7TT,2800,1,1.5,1,1,1,1,0,0,0
161,166,340 E 66th St # KK3,3400,1,1,0,0,1,1,0,0,1
162,167,1574 2nd Ave APT 2S,2700,2,1,0,0,0,1,0,0,1
163,168,101 Clinton St # 6E1,4500,2,2,0,0,1,1,0,0,0
164,169,52 Greenwich Ave APT 7,2925,1,1,0,0,0,1,0,0,1
165,170,495 Wea # 3,2825,1,1,0,0,1,1,0,0,1
166,172,319 W 92nd St APT 2,2650,1,1,0,0,0,1,0,0,1
167,173,21st Ave,1650,2,1,0,0,0,0,0,0,0
168,174,16 Eldert St # 4L,2425,3,1,0,0,0,1,0,0,0
169,175,1117 Jefferson Ave APT 2,3000,4,1,1,1,0,1,0,0,0
170,176,483 Warren St APT 3F,2300,1,1,0,0,0,0,0,0,0
171,177,1157 3rd Ave APT 13,1875,0,1,0,0,0,0,0,1,1
172,178,Bay 32nd St,2050,3,1.5,0,0,0,0,0,0,0
173,179,209 E 81st St # E5,1985,1,1,0,0,0,1,0,0,1
174,180,352 E 85th St APT 4B,1900,0,1,0,0,0,1,0,1,1
176,182,654 73rd St APT 2,1800,2,1,0,0,0,1,0,0,0
177,183,532 9th Ave APT 2C,2000,2,1,0,0,0,1,0,0,1
178,184,1558 York Ave APT 2A,2500,1,1,0,0,0,1,0,0,1
179,185,516 Classon Ave APT 3C,2695,1,1,1,1,1,1,0,0,0
180,186,1012 E 36th St APT 1H,1575,1,1,0,0,0,1,0,0,0
181,187,1215 Ocean Ave # 3HH,1850,2,1,0,0,0,1,0,0,0
182,188,19th Ave,2000,3,1,0,0,0,0,0,0,0
183,189,302 E 38th St APT D,1799,0,1,0,0,0,1,0,1,1
184,190,191 73rd St # 51,1550,0,1,0,0,1,1,0,1,0
185,191,2259 83rd St,2600,3,2,1,1,0,0,0,0,0
186,193,146 Bay 41st St FL 2ND,1650,2,1,0,0,0,0,0,0,0
187,194,16 Park St APT 1L,2399,3,1,0,0,1,1,0,0,0
188,195,330 W 86th St APT 2G,3985,1,1,1,1,0,1,0,0,1
189,196,8120 5th Ave # 2,2000,3,1,0,0,0,1,0,0,0
190,198,311 E 85th St # G,4000,2,1,0,0,1,1,0,0,1
191,199,507 E 12th St # 3W,3500,2,1,0,0,1,1,0,0,1
192,200,325 Stanhope St # 1C,2390,3,1,0,0,1,1,0,0,0
193,201,228 E 116th St APT 11B,1649,0,1,0,0,1,1,0,1,1
194,202,148 Jackson St APT 2B,2895,2,1,0,0,0,1,0,0,0
195,203,511 Surf Ave # 14,2600,2,1,1,1,1,1,0,0,0
196,204,275 Halsey St # 21,3200,4,2,1,1,1,1,0,0,0
197,205,154 Grand St APT 8A,2399,2,1,0,0,0,1,0,0,0
198,206,319 Melrose St # 2BB,2699,3,1,1,1,1,1,0,0,0
199,207,231 E 58th St APT 5C,2360,1,1,0,0,0,1,0,0,1
200,208,55 Poplar St APT 1G,2600,1,1,0,0,1,1,1,0,0
201,209,Bay 50th St,2000,3,1,0,0,0,1,0,0,0
202,210,1708 E 4th St # 1B,1599,1,1,0,0,0,1,0,0,0
203,211,181 Christopher St # 3,16500,3,2.5,0,0,1,1,0,0,1
204,212,318 54th St FL 3,1450,1,1,0,0,1,1,0,0,0
205,213,2338 Dean St # 308,2499,3,1.5,0,0,0,1,0,0,0
206,214,425 7th Ave APT 2R,2399,2,1,0,0,0,1,0,0,0
207,215,400 W 53rd St # 2NORTH,3195,2,1,0,0,0,1,0,0,1
208,216,40 Park Ave APT 19A,4250,1,1,0,0,1,1,0,0,1
209,217,834 Metropolitan Ave # 22,2986,3,1,1,1,0,1,0,0,0
210,218,81st St,2500,3,2,1,1,1,0,0,0,0
211,219,238 E 77th St # 3,2800,1,1,0,0,0,1,0,0,1
212,221,358 Kosciuszko St # 1,2500,2,1.5,0,0,1,1,0,0,0
213,222,139 E 110th St APT 42B,1925,1,1,0,0,0,1,0,0,1
214,223,119 W 80th St APT 2R,2850,1,1,0,0,0,1,0,0,1
215,224,61 Jane St # 12L,6250,1,1,1,1,1,1,1,0,1
216,225,15 E 36th St APT 1G,3138,1,1,0,0,0,1,0,0,1
217,227,852 Amsterdam Ave # 4C,2995,1,1,0,0,0,1,0,0,1
218,228,132 E 45th St APT 4G,2753,1,1,0,0,1,1,0,0,1
219,229,84 E 52nd St # 3R,2299,2,1,1,1,1,1,0,0,0
220,230,415 E 82nd St APT 5C,2500,1,1,0,0,1,1,0,0,1
221,231,454 State St # 1,4400,2,2,0,0,1,1,0,0,0
222,232,601 Macon St # 2F,2100,3,1,0,0,0,1,0,0,0
223,233,348 W 47th St # 1D,2350,1,1,0,0,0,1,0,0,1
224,235,136 Terrace Pl # 1,2100,1,1,0,0,1,1,0,0,0
225,236,118 E 7th St APT 1W,6218,2,1.5,0,0,1,1,0,0,1
226,237,32 Middagh St APT 12,1850,0,1,0,0,0,1,0,1,0
227,238,1818 Newkirk Ave APT 3E,1650,0,1,0,0,1,1,1,1,0
228,239,276 Suydam St APT 4F,2000,0,1,0,0,1,1,0,1,0
229,240,1584 1st Ave APT 3R,2850,2,1,0,0,1,1,0,0,1
230,241,119 Taaffe Pl # 1A,2000,1,1,0,0,0,1,0,0,0
231,242,50 Lexington Ave APT 21B,3250,1,1,0,0,1,1,0,0,1
232,243,271 Union St APT 3,3400,3,1,0,0,0,1,0,0,0
233,244,E 3rd St,1800,3,1,0,0,0,0,0,0,0
234,245,527 40th St # 1,2170,3,1,0,0,0,1,0,0,0
235,246,210 W 88th St APT 1W,2700,1,1,0,0,0,1,0,0,1
236,247,708 Hart St # 3F,2520,1,1,1,1,1,1,0,0,0
237,248,301 E 22nd St APT 10F,5695,2,1.5,0,0,1,1,1,0,1
238,249,254 6th Ave # 1,4600,3,2,0,0,1,1,0,0,0
239,250,237 E 17th St # A110,2970,1,1,0,0,0,1,0,0,1
240,251,354 E 51st St # 4FN,2800,1,1,0,0,0,1,0,0,1
241,252,355 W 47th St APT 3FE,2200,1,1,0,0,0,1,0,0,1
242,253,146 W 79th St APT 5C,2350,0,1,0,0,1,1,0,1,1
243,254,1600 Broadway # 6A,4300,1,1,1,0,1,1,0,0,1
244,255,58A Vernon Ave APT 4C,3200,4,1,0,0,0,1,0,0,0
245,256,234 E 25th St APT 2,2550,2,1,0,0,0,1,0,0,1
246,257,2350 Broadway # 641,2875,1,1,0,0,1,1,0,0,1
247,258,30 Devoe St APT 3B,2850,1,1,1,1,0,1,0,0,0
248,259,371 Columbia St # 11,1795,1,1,0,0,0,1,0,0,0
249,260,249 W 26th St APT 3B,2400,1,1,0,0,0,1,0,0,1
250,261,80 Chauncey St # 1K,2350,2,1.5,1,1,1,1,0,0,0
251,262,664 Humboldt St # 2,2300,2,1,0,0,0,1,0,0,0
252,263,217 S 3rd St APT 10,2750,3,1,0,0,0,1,0,0,0
253,264,1092 President St APT 22,2399,2,1,0,0,0,1,0,0,0
254,265,319 W 30th St APT 1R,2500,1,1,0,0,0,1,0,0,1
255,266,478 E 29th St # 2,2350,3,2,0,0,0,1,0,0,0
256,267,1075 E 57th St # 1,1800,1,1,0,0,0,0,0,0,0
257,268,306 E 78th St APT 2A,2000,0,1,0,0,0,1,0,1,1
258,269,180 E 18th St # 307,2150,2,1,0,0,0,1,0,0,0
259,271,2875 Ocean Ave # 5DD,1595,1,1,0,0,1,1,0,0,0
260,272,876 Lincoln Pl # 2L,1495,0,1,0,0,0,1,0,1,0
261,273,436 E 58th St APT 2C,2400,0,1,1,1,1,0,0,1,1
262,274,1064 Putnam Ave # 2E,3199,4,1.5,1,1,1,1,0,0,0
263,275,333 18th St APT 3R,2500,1,1,1,1,1,1,0,0,0
264,277,417 Throop Ave APT 2B,1895,1,1,1,1,0,1,0,0,0
265,278,181 Greenpoint Ave # 6,3450,3,2,1,1,1,1,0,0,0
266,279,399 Ocean Pkwy # 2HH,1750,1,1,0,0,1,1,0,0,0
267,280,909 41st St,1500,1,1,0,0,0,0,0,0,0
268,281,213 Johnson Ave APT 2F,1800,1,1,0,0,0,0,0,0,0
269,282,179 E 78th St # A2A,2695,1,1,0,0,1,0,0,0,1
270,283,Avenue P,2200,2,1,0,0,0,0,0,0,0
271,284,246 Pacific St # 21,3200,2,1,0,0,1,1,0,0,0
272,285,14 Horatio St APT 7-K,3100,0,1,0,0,1,1,0,1,1
273,286,7903 15th Ave,2700,3,2,1,1,1,0,1,0,0
274,287,Euclid Ave,1650,2,1,0,0,0,0,0,0,0
275,288,1754 80th St # 1,1800,2,1,0,0,0,0,0,0,0
276,289,1483 Bushwick Ave APT 2A,1800,1,1,0,0,0,1,0,0,0
277,290,148 N 9th St # 4,2400,1,1,0,0,0,0,0,0,0
278,291,156 E 64th St # 4RN,2450,0,1,0,0,0,1,0,1,1
279,292,6603 15th Ave,2300,3,1,0,0,0,0,0,0,0
280,293,76th St,1700,2,1,0,0,0,1,0,0,0
281,294,207 E 14th St APT 1C,2995,1,1,0,0,0,1,0,0,1
282,295,674 47th St APT 4J,1625,1,1,0,0,0,1,0,0,0
283,296,126 Winthrop St APT 3,2550,2,1,0,0,1,1,0,0,0
284,297,34 E 7th St APT 3E,2375,1,1,0,0,0,1,0,0,1
285,298,752515th Ave,1600,2,1,0,0,0,0,0,0,0
286,299,1956 1st Ave # 12,2795,2,1,0,0,1,1,0,0,1
287,300,313 E 61st St # 6,2841,1,1,1,1,1,1,0,0,1
288,301,27 Jones St # 4,2750,1,1,0,0,0,1,0,0,1
289,302,E 57th St,1800,2,1,0,0,0,0,0,0,0
290,303,332 E 6th St APT 2F,5596,3,2,0,0,1,1,0,0,1
291,304,589 Hart St # 3B,2900,3,2,0,0,0,1,0,0,0
292,305,217 E 4th St APT 1E,3250,2,1,0,0,0,1,0,0,1
293,306,940 Kent Ave # 416,2300,2,1,0,0,0,1,0,0,0
294,307,1439 Sterling Pl # 2F7,1800,2,1,0,0,0,1,0,0,0
295,308,W 8th St,1500,2,1,0,0,0,0,0,0,0
296,309,140 E 7th St APT 4L,2350,0,1,1,1,1,1,0,1,1
297,310,946 Herkimer St # B3,2840,2,2,1,1,0,1,0,0,0
298,311,196 E 7th St # 312B,4400,2,1,0,0,1,1,0,0,1
299,312,411 Adelphi St APT 1,2700,2,1,0,0,0,1,1,0,0
300,313,148 W 68th St APT 2F,2195,0,1,0,0,0,1,0,1,1
301,314,252 E 2nd St APT 5F,3200,1,1,0,0,1,1,0,0,1
302,315,1125 Lexington Ave # 291,2108,1,1,0,0,0,1,0,0,1
303,316,422 E 17th St # 22A,2350,3,1,0,0,0,1,0,0,0
304,317,326 E 13th St APT 15,2695,2,1,0,0,0,1,0,0,1
305,318,175 W 12th St APT 15J,4895,1,1,0,0,1,1,1,0,1
306,319,184 Clarkson Ave APT 6B,1700,1,1,0,0,0,1,0,0,0
307,320,345 W 53rd St APT 4C,2595,1,1,0,0,1,1,0,0,1
308,321,1060 Greene Ave # 1F,3160,4,2,0,0,1,1,0,0,0
309,322,1736 81st St,1900,2,1,0,0,1,0,1,0,0
310,323,15 Van Buren St APT 3B,2799,3,1,0,0,0,1,0,0,0
311,324,5767 Avenue O # 34,1425,1,1,0,0,0,0,0,0,0
312,325,Battery Ave,2000,3,1,0,0,0,0,0,0,0
313,326,405 W 46th St # 2R1,2290,0,1,0,0,0,1,0,1,1
314,327,430 E 13th St APT 1F,3999,2,1,0,0,0,1,0,0,1
315,328,208 E 28th St APT 3B,3195,1,1,0,0,1,1,0,0,1
316,329,325 E 83rd St # 3M,2414,1,1,0,0,1,1,0,0,1
317,330,168 Bedford Ave # 1,3500,2,1,0,0,0,0,0,0,0
318,331,1049 5th Ave # 4C,9000,1,2,1,1,1,1,0,0,1
319,332,450 Irving Ave # 2IX,2030,2,1,0,0,0,1,0,0,0
321,334,255 Clarkson Ave # 618,1750,1,1,0,0,1,1,1,0,0
322,335,24 Charles St APT 2,5090,2,1,0,0,1,1,0,0,1
323,336,20 W 86th St # 4D,6250,2,2,0,0,1,1,0,0,1
324,337,413 Manhattan Ave APT 2C,3500,2,1,1,1,1,1,0,0,0
325,338,690 Rogers Ave APT 4A,1899,2,1,0,0,0,1,0,0,0
326,339,800 Nineth Ave # 2B,2800,1,1,0,0,0,1,0,0,1
327,340,217 E 16th St # 2FF,2495,3,1,0,0,0,1,0,0,0
328,342,422 Himrod St # 1A,1850,2,1,0,0,0,1,0,0,0
329,343,25 Leroy St APT 6,2600,1,1,0,0,1,1,0,0,1
330,344,E 70th St,2000,2,1,0,0,0,0,0,0,0
331,345,470 Classon Ave # GARDEN,4850,3,2.5,0,0,1,1,0,0,0
332,346,102 Dahill Rd # A,1699,1,1,0,0,0,1,0,0,0
333,347,113 Christopher St # 5B,3995,1,1,0,0,1,1,0,0,1
334,348,280 Driggs Ave # 3,2350,2,1,0,0,0,1,0,0,0
335,350,354 Senator St APT 1R,1850,2,1,0,0,0,1,0,0,0
336,351,Dunne Ct,2400,3,1.5,0,0,1,1,0,0,0
337,352,231 Ocean Ave APT 5K,2650,3,1,0,0,0,1,0,0,0
338,353,355 E 62nd St # 1G,12995,0,1,0,0,0,1,0,1,1
339,354,235 E 53rd St APT 4A,2495,1,1,0,0,1,1,0,0,1
340,355,500 E 87th St # 3,4775,2,2,0,0,0,1,0,0,1
341,356,150 W End Ave,1300,0,1,1,1,0,0,1,1,0
342,357,320 W 17th St APT 2RW,2300,0,1,0,0,0,1,0,1,1
343,358,512 Dekalb Ave # 1,2800,2,1.5,0,0,0,1,0,0,0
344,359,242 E 87th St APT 3C,2150,0,1,0,0,1,1,0,1,1
345,360,Hampton Ave,2600,3,2,1,1,1,0,0,0,0
346,361,35 Wooster St APT 2R,7000,1,2,0,0,1,1,0,0,1
347,362,2208 Ditmas Ave # 3H,2225,2,1,0,0,1,1,0,0,0
348,363,2801 Church Ave # 2B,1840,2,1,0,0,0,1,0,0,0
349,364,Dahill Rd,1500,1,1,0,0,0,0,0,0,0
350,365,11 Pleasant Pl # 1,2395,2,1,1,1,0,1,0,0,0
351,366,188 E 64th St APT 505,3000,0,1,1,1,1,1,0,1,1
352,367,775 Hart St # 445,2452,3,1,0,0,0,1,0,0,0
353,368,6704 16th Ave,1900,3,1,0,0,0,0,0,0,0
354,369,310 Clarkson Ave APT 717,2554,1,1,1,1,1,1,0,0,0
355,370,2314 Beverley Rd # 2,1740,1,1,0,0,0,0,0,0,0
356,371,309 Bedford Ave # 4,3200,3,1,0,0,0,1,0,0,0
357,372,149 Marine Ave APT 3L,2250,2,1,1,1,1,1,0,0,0
358,373,447 W 56th St APT 2W,2850,1,1,0,0,0,1,0,0,1
359,374,142 Ralph Ave # 4F,2800,3,2,1,1,1,1,0,0,0
360,375,667 Knickerbocker Ave APT 1F,2099,1,1.5,1,1,1,1,0,0,0
361,376,213 E 26th St APT 2A,2574,1,1,0,0,1,1,0,0,1
362,377,526 E 83rd St APT 4W,2950,2,1,0,0,0,1,0,0,1
363,378,98 Kingsland Ave # 2C,1800,1,1,0,0,0,1,0,0,0
364,379,35 Park Pl # L3,2700,2,1,0,0,1,1,0,0,0
365,380,59 Pulaski St # 2,2200,2,1,0,0,0,1,0,0,0
366,381,23 Grove St APT 5D,3000,1,1,1,1,0,0,0,0,1
367,382,6 E 65th St # 5AN,3600,1,1,0,0,1,1,0,0,1
368,383,137 Thompson St APT 1,6750,1,2,1,1,1,1,0,0,1
369,384,131 Montrose Ave # 1D,2100,1,1,0,0,0,1,0,0,0
370,385,370 E 31st St APT 2A,1575,1,1,0,0,0,1,0,0,0
371,386,492 Broome St APT 6,14000,3,2,0,0,1,1,0,0,1
372,387,359 W 11th St # 2AB,14000,4,3,1,1,1,1,0,0,1
373,388,1691 Sterling Pl APT 2L,1800,2,1,0,0,0,1,0,0,0
374,389,209 Grand St # 3A1,3407,2,1,0,0,0,1,0,0,1
375,390,212 Lewis Ave # 35,1500,0,1,0,0,1,1,0,1,0
376,391,420 64th St PENTHOUSE 7,1500,0,1,1,1,1,1,0,1,0
377,392,27 Crooke Ave APT 5E,1575,0,1,0,0,1,1,0,1,0
378,393,245 New York Ave # 21,2200,2,1,0,0,1,0,0,0,0
379,394,167 5th Ave APT 1G,2650,1,1,0,0,0,1,0,0,0
380,395,317 E 3rd St APT 30,2800,2,1,0,0,0,1,0,0,1
381,396,290 6th Ave # 5BC,4350,1,1,0,0,1,1,0,0,1
382,397,214 Riverside Dr APT 713,2895,1,1,0,0,1,1,0,0,1
383,398,549 E 12th St # 5,2600,1,1,0,0,0,0,0,0,1
384,399,315 W 18th St # 3D,4400,2,1,0,0,1,1,0,0,1
385,400,26 Grand St APT 4A,4550,3,1,0,0,1,1,0,0,1
386,401,716 10th Ave APT 2,3595,2,1,0,0,0,1,0,0,1
387,402,424 Jefferson Ave # 3,2501,2,1,1,1,1,1,0,0,0
388,403,436 E 9th St # 5BB,1775,0,1,0,0,0,1,0,1,1
389,404,511 E 6th St # 33,3200,2,1,0,0,0,1,0,0,1
390,405,253 E 52nd St APT 2B,2950,2,1,0,0,0,1,0,0,1
391,406,41 Bay 34th St # 2,2000,2,1,0,0,0,0,0,0,0
392,407,350 E 30th St APT 1C,3100,2,1,0,1,1,1,1,0,1
393,415,211 E 3rd St APT 3F,3400,2,1,0,0,1,1,0,0,1
394,416,407 Chauncey St APT 3A,1650,1,1,0,0,1,1,0,0,0
395,418,30 Stuyvesant Ave # 1L0,2200,2,1,1,1,0,1,0,0,0
396,419,12 W 104th St APT 4W,2800,2,1,0,0,0,1,0,0,1
397,420,181 73rd St # 76,2400,2,1,0,0,1,1,0,0,0
398,421,220 Montrose Ave # B,2750,2,2,0,0,0,1,0,0,0
399,422,360 Bedford Ave # 2,2800,1,1,1,1,1,1,0,0,0
400,423,9 Jackson St # 2C,2800,1,1,1,1,1,1,1,0,0
401,424,41st St,1600,1,1,0,0,0,0,0,0,0
402,425,448 E 78th St APT 3B,1900,0,1,0,0,0,1,0,1,1
403,426,684 Bushwick Ave # 4FF4,3400,3,1,0,0,1,1,0,0,0
404,427,1955 W 5th St # 2,1650,1,1,0,0,0,0,0,0,0
405,428,2169 Pacific St APT 7,2199,3,1,0,0,0,1,0,0,0
406,429,244 E 117th St APT 3E,1925,1,1,0,0,1,1,0,0,1
407,430,304 E 41st St # 10,1825,0,1,0,0,1,1,0,1,1
408,431,173 Hart St # 3F,2990,4,2,0,0,0,1,0,0,0
409,432,443 E 88th St APT 10A,4500,4,1,0,0,0,1,0,0,1
410,433,459 Myrtle Ave # 2,2500,2,1,0,0,1,1,0,0,0
411,434,475 Grand St # 3E,2337,0,1,1,1,1,1,0,1,0
412,435,Kings Hwy,2150,2,1,0,0,1,0,0,0,0
413,436,60 E 13th St APT 3E,18000,4,3,1,1,1,1,0,0,1
414,437,303 E 76th St # 5RW,2500,2,1,0,0,1,1,0,0,1
415,439,2057 Coyle St,1650,2,1,0,0,0,0,0,0,0
416,440,Bay 29th St,2200,3,2,0,0,0,0,0,0,0
417,441,70-80 Kenmare # 11,2600,1,1,0,0,0,1,0,0,1
418,442,2117 W 6th St,2200,3,1,1,1,0,0,0,0,0
419,443,230 E 27th St APT 17,4250,3,1,0,0,0,1,0,0,1
420,444,311 W 54th St APT 5,2075,1,1,0,0,0,1,0,0,1
421,445,368 97th St # 5,1750,1,1,0,0,1,1,0,0,0
422,446,226 E 36th St APT 1D,2400,1,1,0,0,0,1,0,0,1
423,447,227 Waverly Pl # 4BB,5995,3,1,0,0,1,1,0,0,1
424,448,160 Bleecker St # 5CC,4395,2,1,1,1,1,1,0,0,1
425,449,200 Green St APT 1L,2049,1,1,0,0,0,1,0,0,0
426,450,340 E 90th St APT 4A,3000,1,1,0,0,0,1,0,0,1
427,451,1 River Pl # A3509,3570,1,1,1,1,1,1,1,0,1
428,452,310 W 52nd St APT 37J,5800,2,1.5,1,1,1,1,0,0,1
429,453,Bay 10th St,2000,3,1,0,0,0,0,0,0,0
430,454,522 Putnam Ave,1499,0,1,0,0,0,1,0,1,0
431,455,1543 E 19th St # 8CU,2899,3,2,1,1,1,1,1,0,0
432,456,582 39th St # TOP,2395,3,1,0,0,0,1,0,0,0
433,457,161 Wilson Ave APT 2B,2899,3,2,0,0,0,1,0,0,0
434,458,447 Jefferson Ave APT 2L,2800,2,2,0,0,1,1,0,0,0
435,459,517 W 46th St # L105,5500,2,2.5,1,1,1,1,0,0,1
436,460,60 E 9th St APT 520,2800,0,1,0,0,1,1,0,1,1
437,461,313 E 73rd St APT 4A,2190,0,1,0,0,0,1,0,1,1
438,462,686 Lexington Ave # 1E,2295,3,1,0,0,0,1,0,0,0
439,463,173 Jefferson Ave # 3,2500,2,1,0,0,0,0,0,0,0
440,464,405 Main St,2830,0,1,0,0,1,1,0,1,1
441,465,581 Ocean Pkwy # 6ER,2337,2,1,1,1,1,1,1,0,0
442,466,40 E 65th St # 51FN,2450,0,1,0,0,1,1,0,1,1
443,467,206 Scholes St APT 13,2500,2,1,0,0,0,1,0,0,0
444,469,Brighton 11th St,2300,2,1,0,0,1,1,0,0,0
445,470,1018 E 93 St # FL 2,1000,3,1,0,0,0,0,0,0,0
446,471,95 Lexington Ave APT 5D,2900,0,1,0,0,1,1,0,1,0
447,472,9 Barrow St APT 6F,4500,1,1,0,0,1,1,0,0,1
448,473,215 W 80th St # 1,2500,1,1,0,0,0,0,0,0,1
449,474,866 W End Ave APT 3A,2075,1,1,0,0,0,1,0,0,1
450,475,241 E 7th St APT 5C,4200,2,2,0,0,1,1,0,0,1
451,476,11 1/2 W 84th St APT 2D,3285,1,1,0,0,0,1,0,0,1
452,478,7002 Ridge Blvd APT F2,1850,1,1,0,0,1,1,0,0,0
453,479,1413 Lincoln Pl # C,2400,2,1,1,1,1,1,1,0,0
454,480,205 E 73rd St,3565,1,1,0,0,1,1,0,0,1
455,481,66th St,1650,2,1,0,0,0,0,0,0,0
456,482,45 W 68th St # RGARDEN,4200,2,1,0,0,1,1,0,0,1
457,483,69 Buffalo Ave # 2,2000,2,1,0,1,0,1,0,0,0
458,484,650 Ocean Ave # 1Y,2700,3,2,0,0,1,1,0,0,0
459,485,123 Bank St APT 270,3895,1,1,0,0,1,1,0,0,1
460,486,120 W 78th St APT 4D,2900,0,1,1,0,0,1,0,1,1
461,487,126 W 75th St APT 4B,2449,1,1,0,0,0,1,0,0,1
462,488,112 Noble St # 2,2650,2,1,0,0,0,1,0,0,0
463,489,180 Bainbridge St APT 312Q,2990,2,1,1,1,1,1,1,0,0
464,490,49 W 73rd St APT 2B,3600,2,1,0,0,0,1,0,0,1
465,491,1475 Nostrand Ave # 3F1,1917,1,1,1,1,1,1,0,0,0
466,492,132 W 80th St APT 3-R,2495,1,1,0,0,0,1,0,0,1
467,493,230 E 26th St APT 3D,2460,1,1,0,0,1,1,0,0,1
468,494,89 Stockton St # 3R,2498,3,1,0,0,0,1,0,0,0
470,496,304 E 62nd St # 3,2311,1,1,0,0,0,1,0,0,1
471,497,16 94th St APT 4A,2400,2,1,0,0,1,1,0,0,0
472,498,239 Ocean Ave APT 5F,2195,1,1,0,0,0,1,0,0,0
473,499,E 9th St,1800,2,1,0,0,0,0,0,0,0
474,500,442 Meeker Ave # 2CF,3195,1,1,1,1,1,1,0,0,0
475,501,233 Weirfield St # 1R1,2450,3,1,1,1,0,1,0,0,0
476,502,38 Schermerhorn St APT 3,2100,0,1,0,0,0,0,0,1,0
477,503,Avenue U,1500,1,1,0,0,0,0,0,0,0
478,504,647 Flatbush Ave # 3LEFT,2299,2,1,0,0,0,1,0,0,0
479,505,497 Prospect Pl # 1L,5000,7,2,0,0,1,1,0,0,0
480,506,244 W 20th St APT 4F,2750,1,1,0,0,0,1,0,0,1
481,507,322 E 73rd St APT 12,2500,1,1,0,0,0,1,0,0,1
482,508,1469 St Marks Ave APT 1A,2400,3,2,0,0,0,1,0,0,0
483,509,1469 St Marks Ave APT 1,2400,3,2,0,0,0,1,0,0,0
484,510,136 Kingsland Ave # 2LH,2333,3,1,1,1,0,1,0,0,0
485,511,136 Kingsland Ave # 2L16,2333,3,1,0,0,0,1,0,0,0
486,512,136 Kingsland Ave # 1RR2,2625,3,1,1,1,1,1,0,0,0
487,513,136 Kingsland Ave # 1R5,2625,3,1,0,0,0,1,0,0,0
488,514,51 Leroy St APT 3D,2595,0,1,0,0,1,1,0,1,1
489,515,51 Leroy St APT 4C,3285,1,1,0,0,1,1,0,0,1
490,516,150 W 51st St APT 1622,2750,0,1,0,0,1,1,1,1,1
491,517,150 W 51st St APT 2033,2750,0,1,0,0,1,1,0,1,1
492,518,150 W 51st St APT 803,2700,1,1,0,0,1,1,1,0,1
493,519,150 W 51st St APT 1225,2950,1,1,0,0,1,1,1,0,1
494,520,150 W 51st St APT 822,3000,1,1,0,0,1,1,0,0,1
495,521,150 W 51st St APT 1231,3000,1,1,1,0,1,0,0,0,1
496,522,150 W 51st St APT 1022,3000,1,1,0,0,1,1,1,0,1
497,523,150 W 51st St APT 1911,3000,1,1,1,1,1,0,1,0,1
498,524,150 W 51st St APT 1433,3000,1,1,0,0,1,1,0,0,1
499,525,150 W 51st St APT 1914,3195,1,1,1,1,1,1,0,0,1
500,526,150 W 51st St APT 1234,3195,1,1,1,1,1,1,1,0,1
501,527,150 W 51st St APT 828,3200,1,1,0,0,1,1,1,0,1
502,528,150 W 51st St APT 2014,3200,1,1,1,0,1,0,0,0,1
503,529,150 W 51st St APT 1109,3200,1,1,0,0,1,1,0,0,1
504,530,150 W 51st St APT 1401,3290,1,1,1,1,1,1,1,0,1
505,531,150 W 51st St APT 1624,3300,1,1,0,0,1,0,1,0,1
506,532,150 W 51st St APT 1702,3400,1,1,0,0,1,1,0,0,1
507,533,150 W 51st St APT 1131,3400,1,1,1,1,1,1,1,0,1
508,534,150 W 51st St APT 1808,3495,1,1,0,0,1,1,1,0,1
509,535,150 W 51st St APT 1505,3500,1,1,0,0,1,1,1,0,1
510,536,150 W 51st St APT 1621,3500,1,1,0,0,1,0,0,0,1
511,537,150 W 51st St APT 1718,3850,1,1,0,0,1,1,1,0,1
512,538,150 W 51st St APT 2026,3900,1,1.5,1,0,1,1,1,0,1
513,539,150 W 51st St APT 1008,3950,1,1,1,0,1,0,1,0,1
514,540,150 W 51st St APT 1226,3950,1,1,1,1,1,1,1,0,1
515,541,150 W 51st St APT 1215,4000,1,1,0,0,1,1,0,0,1
516,542,150 W 51st St APT 908,4000,1,1,1,1,1,1,1,0,1
517,543,150 W 51st St APT 1729,3800,2,1,1,0,1,1,1,0,1
518,544,150 W 51st St # 17181,3850,2,1,0,0,1,1,1,0,1
519,545,150 W 51st St APT 1907,5500,2,1,0,0,1,1,1,0,1
520,546,150 W 51st St APT 2124,6000,3,2,1,0,1,0,1,0,1
521,547,150 W 51st St APT 704,18000,4,4,0,0,1,1,0,0,1
522,550,606 2nd St # 1,4150,2,2,0,0,1,1,0,0,0
523,551,606 2nd St APT 1B,4150,2,2,0,0,1,1,0,0,0
524,552,949 Willoughby Ave APT 306,2500,1,1,1,1,1,1,0,0,0
525,553,949 Willoughby Ave APT 212B,2900,1,1,1,1,1,1,0,0,0
526,554,949 Willoughby Ave # 21A2,2900,1,1,1,1,1,1,0,0,0
527,555,949 Willoughby Ave APT 108,3200,3,2,1,1,1,1,0,0,0
528,556,58 Metropolitan Ave APT 2G,2900,1,1,1,1,1,1,1,0,0
529,557,58 Metropolitan Ave APT 3G,3000,1,1,0,0,1,1,1,0,0
530,558,58 Metropolitan Ave APT 3E,3300,1,1,1,1,1,1,1,0,0
531,559,225 Schermerhorn St # 2169723,2261,0,1,0,0,1,1,1,1,0
532,560,225 Schermerhorn St # 2169755,2267,0,1,0,0,1,1,1,1,0
533,561,225 Schermerhorn St # 2169753,2335,0,1,0,0,1,1,1,1,0
534,562,225 Schermerhorn St # 2169722,2431,0,1,0,0,1,1,1,1,0
535,563,225 Schermerhorn St # 2169757,2450,0,1,0,0,1,1,1,1,0
536,564,225 Schermerhorn St # 2169756,2500,0,1,0,0,1,1,1,1,0
537,573,225 Schermerhorn St # 2169729,3250,1,1,0,0,1,1,1,0,0
538,574,225 Schermerhorn St # 236-11A,3302,1,1,0,0,1,1,1,0,0
539,575,225 Schermerhorn St # 236-20A,3407,1,1,0,0,1,1,1,0,0
540,576,225 Schermerhorn St # 225-02M,3437,1,1,1,0,1,1,1,0,0
541,577,225 Schermerhorn St APT 20A,3445,1,1,0,0,0,1,0,0,0
542,578,225 Schermerhorn St # 2169734,3460,1,1,0,0,1,1,1,0,0
543,579,225 Schermerhorn St # 236-26A,3467,1,1,0,0,1,1,1,0,0
544,580,225 Schermerhorn St # 236-17A,3577,1,1,0,0,1,1,1,0,0
545,581,225 Schermerhorn St # 2169736,3633,1,1,0,0,1,1,1,0,0
546,582,225 Schermerhorn St # 2169735,3800,1,1,0,0,1,1,1,0,0
547,583,225 Schermerhorn St # 2169737,3850,1,1,0,0,1,1,1,0,0
548,584,225 Schermerhorn St # 2169738,3865,1,1,0,0,1,1,1,0,0
549,585,225 Schermerhorn St # 2169740,3900,1,1,1,0,1,1,1,0,0
550,586,225 Schermerhorn St # 2169739,3950,1,1,0,0,1,1,1,0,0
551,587,225 Schermerhorn St # 2169741,3705,2,2,0,0,1,1,1,0,0
552,588,225 Schermerhorn St # 2169747,3970,2,2,0,0,1,1,1,0,0
553,589,225 Schermerhorn St # 2169744,4073,2,2,1,0,1,1,1,0,0
554,590,225 Schermerhorn St # 2169746,4100,2,2,0,0,1,1,1,0,0
555,591,225 Schermerhorn St # 2169752,4176,2,2,1,0,1,1,1,0,0
556,592,225 Schermerhorn St # 2169750,4294,2,2,1,0,1,1,1,0,0
557,593,225 Schermerhorn St # 225-03J,4295,2,2,1,0,1,1,1,0,0
558,594,225 Schermerhorn St # 2169742,4300,2,2,1,0,1,1,1,0,0
559,595,225 Schermerhorn St # 2169743,4395,2,2,0,0,1,1,1,0,0
560,596,225 Schermerhorn St # 2169751,4495,2,2,0,0,1,1,1,0,0
561,597,225 Schermerhorn St # 2169748,4535,2,2,0,0,1,1,1,0,0
562,598,520 E 81st St APT 2J,2500,0,1,0,0,1,1,1,1,1
563,599,520 E 81st St APT 8H,3200,1,1,1,1,1,1,0,0,1
564,600,417 Menahan St # 1,1599,1,1,0,0,0,1,0,0,0
565,601,417 Menahan St # 1F,1600,1,1,0,0,0,1,0,0,0
566,602,125 Borinquen Pl APT 517,3600,2,1,1,1,1,1,1,0,0
567,603,125 Borinquen Pl APT 508,3600,2,1,1,1,1,1,1,0,0
568,604,125 Borinquen Pl APT 501,3600,2,1,1,1,1,1,1,0,0
569,605,150 Grove St # 2FC,2337,3,1,1,1,0,1,0,0,0
570,606,150 Grove St # 2F6,2338,3,1,0,0,0,1,0,0,0
571,607,505 Greenwich St APT 6F,6000,1,1,1,1,1,1,0,0,1
572,608,505 Greenwich St APT 1B,7995,2,2,1,1,1,1,0,0,1
573,609,230 E 30th St APT 6D,3195,2,1,0,0,1,1,1,0,1
574,610,230 E 30th St # 13H*,3395,2,1,0,0,1,1,1,0,1
575,611,230 E 30th St PH 2,7800,4,2,0,0,1,1,1,0,1
576,612,330 E 33rd St APT 6G,2550,0,1,1,1,1,1,1,1,1
577,613,330 E 33rd St APT 4K,3200,1,1,1,1,1,1,0,0,1
578,614,179 Putnam Ave # 2F4,2295,2,1,1,1,1,1,0,0,0
579,615,179 Putnam Ave # 2F3,2295,2,1,1,1,1,1,0,0,0
580,616,179 Putnam Ave # 2RF,2295,2,1,1,1,1,1,0,0,0
581,617,179 Putnam Ave # 2FR,2295,2,1,1,1,1,1,0,0,0
582,618,500A E 87th St APT 3C,3200,1,1,0,0,1,1,0,0,1
583,619,500A E 87th St APT 8A,3600,1,1,0,0,1,1,0,0,1
584,620,252 Norman Ave APT 404,4399,0,1,0,0,0,1,0,1,0
585,621,252 Norman Ave APT 404B,4395,4,1,0,0,0,1,0,0,0
586,622,58 Stagg St # 3D,2700,1,1,1,1,1,1,1,0,0
587,623,58 Stagg St APT 3B,2700,1,1,1,1,1,1,1,0,0
588,624,58 Stagg St # 3C,2700,1,1,1,1,1,1,0,0,0
589,625,220 E 24th St APT 6D,2450,0,1,0,0,1,1,0,1,1
590,626,220 E 24th St APT 5E,2650,0,1,0,0,1,1,0,1,1
591,627,220 E 24th St APT 6H,3500,2,1,0,0,1,1,0,0,1
592,628,220 E 24th St APT 8H,4995,3,2,0,0,1,1,0,0,1
595,631,1230 Avenue Y # 619,2200,2,1.5,1,1,1,0,1,0,0
596,632,50 W 34th St APT 8C3,2575,0,1,0,0,1,1,0,1,1
597,633,50 W 34th St APT 11B7,2750,0,1,0,0,1,1,0,1,1
598,634,50 W 34th St APT 21A3,3550,0,1,1,0,1,1,0,1,1
599,635,50 W 34th St APT 4B6,4000,1,1,0,0,1,1,0,0,1
600,636,50 W 34th St APT 23C7,4200,1,1,0,0,1,1,0,0,1
601,637,50 W 34th St APT 7A6,4325,1,1,0,0,1,1,0,0,1
602,638,110 Martense St APT 2C,1995,2,1,1,1,0,1,0,0,0
603,639,110 Martense St # 101,1995,2,1,1,1,0,1,0,0,0
604,640,110 Martense St # 4A4,1999,2,1,1,1,0,1,0,0,0
605,649,450 W 17th St # 28503,4510,0,1,0,0,1,1,1,1,1
606,650,450 W 17th St APT 2505,7450,1,1,1,1,1,1,1,0,1
607,651,450 W 17th St APT 613,6400,2,2,0,0,1,1,1,0,1
608,652,450 W 17th St # 28333,7315,2,2,0,0,1,1,1,0,1
609,653,450 W 17th St # 28455,7560,2,2,0,0,1,1,1,0,1
610,654,358 Grove St # 10DD,2630,2,1,1,1,1,1,1,0,0
611,655,358 Grove St APT 10D,2630,2,1,1,1,1,1,1,0,0
612,656,60 Riverside Blvd APT 209,3030,0,1,1,1,1,1,1,1,1
613,657,60 Riverside Blvd APT 305,4070,1,1,1,0,1,1,1,0,1
614,658,60 Riverside Blvd APT 803,4120,1,1,1,0,1,1,1,0,1
615,659,60 Riverside Blvd APT 618,4220,1,1,1,0,1,1,1,0,1
616,660,60 Riverside Blvd APT 723,4255,1,1,1,0,1,1,1,0,1
617,661,60 Riverside Blvd APT 716,4445,1,1,1,1,1,1,1,0,1
618,662,60 Riverside Blvd APT 611,9360,2,2.5,1,0,1,1,1,0,1
619,663,60 Riverside Blvd APT 1019,9385,2,2,1,1,1,1,1,0,1
620,664,43 Cumberland St APT 4R,2750,2,1,0,0,1,1,0,0,0
621,665,43 Cumberland St APT 1L,3400,4,1.5,0,1,1,1,0,0,0
622,666,43 Cumberland St # 1A,3400,4,1.5,0,0,1,1,0,0,0
623,667,43 Cumberland St APT 1,3400,4,1.5,0,0,1,1,0,0,0
624,668,200 Chambers St APT 4P,4700,1,1,0,0,1,1,1,0,1
625,669,200 Chambers St APT 5F,4900,1,1,1,0,1,1,1,0,1
626,670,200 Chambers St APT 8F,5050,1,1,1,1,1,1,0,0,1
627,671,125 W 31st St APT 29F,3415,0,1,0,0,1,1,1,1,1
628,672,125 W 31st St APT 30H,3800,1,1,1,1,1,1,1,0,1
629,673,125 W 31st St APT 37L,4338,1,1,0,0,1,1,1,0,1
630,674,125 W 31st St APT 58B,7062,2,2,0,0,1,1,1,0,1
631,675,125 W 31st St APT 48F,7733,3,2,0,0,1,1,1,0,1
632,676,621 Lefferts Ave # FF14,2195,2,2,0,0,0,1,0,0,0
633,677,621 Lefferts Ave APT F14,2195,2,1,0,0,0,1,0,0,0
634,678,621 Lefferts Ave # 6,2195,2,2,0,0,0,1,0,0,0
635,679,227 E 7th St APT 5D,1800,1,1,0,0,1,1,0,0,0
636,680,227 E 7th St # 3V,1900,1,1,0,0,1,1,1,0,0
637,681,1544 Nostrand Ave APT 3F,2275,2,1,1,1,1,1,0,0,0
638,682,1544 Nostrand Ave # 3BL,2299,2,1,1,1,1,1,0,0,0
639,683,1544 Nostrand Ave # 3CE,2300,2,1,1,1,1,1,0,0,0
640,684,1544 Nostrand Ave APT 2B,2400,2,1,1,1,1,1,0,0,0
641,685,1544 Nostrand Ave,2799,3,2,1,1,1,1,0,0,0
642,686,238 Troutman St # RR1,2450,3,1,1,1,0,1,0,0,0
643,687,238 Troutman St # 3R8,2450,3,1,0,0,0,1,0,0,0
644,688,80 Park Ave APT 8C,2950,0,1,0,0,1,0,1,1,1
645,689,80 Park Ave APT 9A,3195,1,1,0,0,1,1,1,0,1
646,690,80 Park Ave APT 4G,3495,1,1,0,0,1,1,1,0,1
647,691,80 Park Ave APT 12F,3495,1,1,1,1,1,1,1,0,1
648,692,80 Park Ave APT 9E,3500,1,1,0,0,1,0,0,0,1
649,693,80 Park Ave APT 6K,4150,1,1,0,0,1,0,1,0,1
650,696,80 Park Ave # 15,4600,2,1,1,1,1,1,1,0,1
651,699,108 Frost St # 1FG,3170,2,2,1,1,1,1,0,0,0
652,700,108 Frost St # 1FH,3175,2,2,1,1,1,1,0,0,0
653,701,108 Frost St # 1A2,3200,2,2,0,0,1,1,0,0,0
654,702,108 Frost St APT 2A,3995,3,1,1,1,1,1,0,0,0
655,703,108 Frost St # 2AX,4075,3,1,1,1,1,1,0,0,0
656,704,423 Lincoln Pl # 9FRONT,1799,0,1,0,0,0,1,0,1,0
657,705,423 Lincoln Pl APT 7A,1799,0,1,0,0,0,1,0,1,0
658,706,1311 Brightwater Ave APT 4G,1849,1,1,0,0,1,1,0,0,0
659,707,1311 Brightwater Ave APT 6H,2299,2,1,0,0,1,1,0,0,0
660,708,1311 Brightwater Ave # 7,2350,2,1,1,1,1,1,0,0,0
661,709,689 Park Ave # 1RB,3200,4,2,0,0,0,1,0,0,0
662,710,689 Park Ave # 1A,3200,4,2,0,0,0,1,0,0,0
663,711,689 Park Ave STE 1,3200,4,2,0,0,0,1,0,0,0
664,712,1441 York Ave # R4,1995,0,1,0,0,1,1,0,1,1
665,713,1441 York Ave # H4,2295,1,1,0,0,1,1,0,0,1
666,714,2029 74th St # 2F,1850,2,1,0,0,0,0,0,0,0
667,715,2029 74th St # 1 F,2600,4,1,0,0,0,0,0,0,0
668,716,2029 74th St # 1,2600,4,1,0,0,0,0,0,0,0
669,717,888 8th Ave APT 15B,3150,1,1,0,0,1,1,0,0,1
670,718,888 8th Ave APT 11T,3150,1,1,0,0,1,1,1,0,1
671,719,888 8th Ave APT 5K,3195,1,1,1,1,1,0,1,0,1
672,720,114 Troutman St STE 3L,2500,1,1,1,1,1,1,1,0,0
673,721,114 Troutman St APT 301,2600,1,1,1,1,1,1,1,0,0
674,722,114 Troutman St STE 11,2650,1,1,0,0,1,1,0,0,0
675,723,114 Troutman St # A309,2650,1,1,1,1,1,1,0,0,0
676,724,114 Troutman St STE 2K,3000,2,1,1,1,1,1,1,0,0
677,725,114 Troutman St # A422,3300,2,2,1,1,1,1,0,0,0
678,726,114 Troutman St APT 422,3300,2,2,0,0,1,1,0,0,0
679,727,8616 21st Ave # 5B,1600,1,1,0,0,0,1,0,0,0
680,728,8616 21st Ave # 5H,1695,1,1,1,1,1,1,0,0,0
681,729,8616 21st Ave # 3G,1850,1,1,0,0,1,0,0,0,0
682,730,12 Belvidere St APT 2,2884,3,1.5,1,1,0,1,0,0,0
683,731,12 Belvidere St # 222F,2886,3,1.5,1,1,1,1,0,0,0
684,732,12 Belvidere St # 4B2,3846,4,1.5,0,0,1,1,0,0,0
685,733,345 E 93rd St APT 30J,2975,1,1,0,0,1,1,1,0,1
686,734,345 E 93rd St APT 5E,2995,1,1,0,0,1,1,1,0,1
687,735,131 Linden St # 202,1699,0,1,0,0,0,1,0,1,0
688,736,131 Linden St # 2B,1700,0,1,0,0,1,1,0,1,0
689,737,131 Linden St # 2B2,1700,0,1,0,0,1,1,0,1,0
690,738,30 Park Ave APT 17G,4246,1,1,0,0,1,1,1,0,1
691,739,30 Park Ave APT 19B,8000,3,2,1,1,1,1,1,0,1
692,740,1144 Bushwick Ave # 40F,2550,3,1.5,1,1,1,1,0,0,0
693,741,1144 Bushwick Ave APT 2D,3300,4,1.5,1,1,1,1,0,0,0
694,742,618 Bushwick Ave APT 206A,2362,1,1,0,0,1,1,0,0,0
695,743,618 Bushwick Ave APT 216,2362,1,1,1,1,1,1,1,0,0
696,744,618 Bushwick Ave APT 207,2400,1,1,1,1,1,1,0,0,0
697,745,618 Bushwick Ave # 2166,2448,1,1,1,1,1,1,1,0,0
698,746,618 Bushwick Ave APT 101F,2799,1,1,1,1,1,1,0,0,0
699,747,618 Bushwick Ave # A110,2449,2,1,1,1,1,1,1,0,0
700,748,618 Bushwick Ave APT 624,2449,2,1,1,1,1,1,1,0,0
701,749,618 Bushwick Ave # 1011,2599,2,1,1,1,1,1,1,0,0
702,750,618 Bushwick Ave APT 721A,2974,2,1,0,0,1,1,0,0,0
703,751,618 Bushwick Ave APT 722C,2974,2,1,1,1,1,1,0,0,0
704,752,618 Bushwick Ave APT 315J,3849,2,1,1,1,1,1,1,0,0
705,753,1161 Myrtle Ave # 2R,2450,1,1,1,1,1,1,0,0,0
706,754,1161 Myrtle Ave # R2,2450,1,1,0,0,1,1,0,0,0
707,755,1528 63rd St FL 2ND,1900,2,1,0,0,0,1,0,0,0
708,756,1528 63rd Street 1 FL 1,2100,2,1,0,0,1,1,0,0,0
709,757,1528 63rd St # 6987065,2200,3,1,0,0,0,1,0,0,0
710,758,311 Melrose St # 3B7,2712,3,1,0,0,1,1,0,0,0
711,759,311 Melrose St # 3R4,2712,3,1,1,1,1,1,0,0,0
712,760,1834 Caton Ave # 3A3,1999,2,1,0,0,1,1,0,0,0
713,761,1834 Caton Ave # A3A,1999,2,1,0,0,1,1,0,0,0
714,762,1834 Caton Ave # 3,2050,2,1,0,0,1,1,0,0,0
715,763,1834 Caton Ave APT 3A,2050,2,1,0,0,1,1,0,0,0
716,764,417 Hancock St APT 3,1795,0,1,1,1,1,1,0,1,0
717,765,417 Hancock St APT 3A,1795,0,1,1,1,1,1,0,1,0
718,766,205 E 92nd St APT 24B,4202,1,1,0,0,1,1,0,0,1
719,767,205 E 92nd St # 29544,8055,2,2,0,0,1,1,0,0,1
720,768,205 E 92nd St APT 15K,8565,2,2,0,0,1,1,0,0,1
721,769,205 E 92nd St # 29596,14275,3,2,0,0,1,1,0,0,1
722,770,236 E 13th St APT 16,2808,2,1,0,0,1,1,0,0,1
723,771,236 E 13th St # 24022,2995,2,1,0,0,0,1,0,0,1
724,772,1044 Flushing Ave # 3L2,2450,2,1,0,0,0,1,0,0,0
725,773,1044 Flushing Ave # 3LN,2450,2,1,1,1,0,1,0,0,0
726,774,756 Myrtle Ave APT 3C,3350,2,2,1,1,1,1,1,0,0
727,775,756 Myrtle Ave # 3C1,3000,3,1,1,1,1,1,0,0,0
728,776,2100 Bedford Ave APT 5F,1950,0,1,1,1,1,1,1,1,0
729,777,2100 Bedford Ave APT 2H,2050,0,1,0,0,1,1,1,1,0
730,778,2100 Bedford Ave APT 7F,2500,1,1,1,1,1,1,1,0,0
731,779,200 E 89th St APT 20B,3400,1,1,0,0,1,1,1,0,1
732,780,200 E 89th St APT 18F,3500,1,1,0,0,1,1,1,0,1
733,781,200 E 89th St # 23EF,6500,3,2,0,0,1,1,1,0,1
734,782,601 Ocean Pkwy # E,2150,1,1,1,1,1,1,1,0,0
735,783,601 Ocean Pkwy # 3E,2150,1,1,0,0,1,1,1,0,0
736,784,601 Ocean Pkwy # 7BB,2295,1,1,0,0,1,0,1,0,0
737,785,1571 67th St # 4,1395,1,1,0,0,0,0,0,0,0
738,786,1571 67th St APT 2A,2150,2,2,1,1,0,0,0,0,0
739,787,111 W 67th St APT 23K,2900,0,1,0,0,0,1,0,1,1
740,788,111 W 67th St APT 25M,10500,3,2.5,1,1,1,1,0,0,1
741,789,88 Leonard St APT 924,3400,0,1,0,0,1,1,0,1,1
742,790,88 Leonard St APT 909,3400,0,1,0,0,1,1,0,1,1
743,791,88 Leonard St APT 616,3800,0,1,0,0,1,1,1,1,1
744,792,88 Leonard St APT 1505,4750,1,1,0,0,1,1,1,0,1
745,793,88 Leonard St APT 419,5950,1,1,0,0,1,1,0,0,1
746,794,88 Leonard St # 3AB,3521,2,1,0,0,1,1,0,0,1
747,795,88 Leonard St APT 1404,7200,2,2,0,0,1,1,0,0,1
748,796,88 Leonard St APT 301,8311,3,2,0,0,1,1,0,0,1
749,797,88 Leonard St APT 300,13000,3,3,1,1,1,1,0,0,1
750,798,206 Nostrand Ave APT 4E,2699,3,1.5,0,0,1,1,0,0,0
751,799,206 Nostrand Ave APT 3A,2699,3,1.5,0,0,1,1,0,0,0
752,800,408 E 78th St APT 2D,1650,0,1,0,0,0,1,0,1,1
753,801,408 E 78th St APT 4D,1850,0,1,0,0,0,0,0,1,1
754,802,520 W 43rd St APT 4G,2725,0,1,0,0,1,1,1,1,1
755,803,520 W 43rd St APT 7K,2785,0,1,0,0,1,1,1,1,1
756,804,520 W 43rd St APT 23D,2995,0,1,0,0,1,1,1,1,1
757,805,520 W 43rd St APT 4S,3640,1,1,0,0,1,1,1,0,1
758,806,520 W 43rd St APT 30G,3990,1,1,0,0,1,1,1,0,1
759,807,520 W 43rd St APT 24A,5725,2,2,0,0,1,1,1,0,1
760,808,10-40 River Rd # 6R,2700,1,1,0,0,1,1,0,0,1
761,809,30 River Rd APT 4J,3600,2,2,0,0,1,1,1,0,1
762,810,10-40 River Rd # 18B,4200,2,2,0,0,1,1,0,0,1
763,811,10-40 River Rd # 15H,5200,2,2,0,0,1,1,0,0,1
764,812,10-40 River Rd # 16C,4892,3,2,0,0,1,1,0,0,1
765,813,392 Central Park W APT 8F,2500,0,1,1,1,1,1,0,1,1
766,814,392 Central Park W APT 16S,2595,0,1,1,1,1,1,1,1,1
767,815,392 Central Park W APT 18U,2595,0,1,1,1,1,1,0,1,1
768,816,392 Central Park W APT 5L,2695,0,1,1,1,1,1,0,1,1
769,817,392 Central Park W APT 2A,4000,1,1,0,0,1,1,0,0,1
770,818,392 Central Park W APT 10H,6000,3,2.5,0,0,1,1,0,0,1
771,819,33 Greenwich Ave # 7G,4500,1,1,1,1,1,1,0,0,1
772,820,33 Greenwich Ave # 8JJ,4495,2,1,0,0,1,1,0,0,1
773,821,250 W 90th St APT 16J,3450,1,1,0,0,1,1,0,0,1
774,822,250 W 90th St PENTHOUSE 2H,5500,2,2,0,0,1,1,0,0,1
775,823,880 Dekalb Ave APT 606,2449,1,1,1,1,1,1,1,0,0
776,824,880 Dekalb Ave # 406,2450,1,1,1,1,1,1,1,0,0
777,825,880 Dekalb Ave # 506,2450,1,1,1,1,1,1,1,0,0
778,826,880 Dekalb Ave # 7003,2750,1,1,1,1,1,1,1,0,0
779,827,1322 Prospect Pl APT 1C,2200,2,1,1,1,1,1,0,0,0
780,828,1322 Prospect Pl # F2,2495,3,1,1,1,1,1,0,0,0
781,829,1322 Prospect Pl APT 2B,2495,3,1,1,1,1,1,0,0,0
782,830,146 S 4th St APT 5H,2450,0,1,1,1,1,1,1,1,0
783,831,146 S 4th St APT 8A,3275,1,1,1,1,1,1,1,0,0
784,832,146 S 4th St APT 8K,3350,1,1,1,1,1,1,1,0,0
785,833,2211 3rd Ave # 2C,2147,0,1,0,0,1,1,1,1,1
786,834,2211 3rd Ave # 5L,2920,1,1,0,0,1,1,1,0,1
787,835,2211 3rd Ave # 6L,3113,1,1,0,0,1,1,1,0,1
788,836,2211 3rd Ave # 3H,3271,2,2,0,0,1,1,1,0,1
789,837,2211 3rd Ave # 4E,4467,2,1,0,0,1,1,1,0,1
790,838,222 Suydam St # L33,2499,3,1,0,0,0,1,0,0,0
791,839,222 Suydam St # 33L,2500,3,1,1,1,0,1,0,0,0
792,840,222 Suydam St # 3LL30,2550,3,1,0,0,0,1,0,0,0
793,841,562 Wilson Ave APT 3R,2498,2,2,1,1,1,1,0,0,0
794,842,562 Wilson Ave # 3LL,3198,3,3,1,1,1,1,0,0,0
795,843,562 Wilson Ave # 3F,3199,3,3,1,1,1,1,0,0,0
796,844,562 Wilson Ave # 5H,3200,3,3,1,1,1,1,0,0,0
797,845,562 Wilson Ave APT 3L,3299,3,3,1,1,1,1,0,0,0
798,846,200 N End Ave APT 10P,4500,1,1,0,0,1,1,1,0,1
799,847,200 N End Ave APT 9N,5550,1,1.5,0,0,1,1,0,0,1
800,848,200 N End Ave APT 3B,6950,2,2,0,0,1,1,1,0,1
801,849,200 N End Ave APT 8H,7250,2,2,0,0,1,1,0,0,1
802,850,200 N End Ave APT 26C,8150,2,2,0,0,1,1,0,0,1
803,851,200 N End Ave APT 9Q,8900,2,2,0,0,1,1,1,0,1
804,852,200 N End Ave APT 31A,11250,2,2,0,0,1,1,0,0,1
805,853,200 N End Ave APT 27B,13900,3,3,0,0,1,1,0,0,1
806,854,355 6th Ave # 3,2450,0,1,0,0,0,1,0,1,1
807,855,355 6th Ave APT 3F,2550,1,1,0,0,0,1,0,0,1
808,856,301 W 57th St APT 39D,4200,1,1,0,0,1,1,0,0,1
809,857,301 W 57th St APT 18A,4800,1,1,0,0,1,1,1,0,1
810,858,301 W 57th St APT 47B,5000,1,1,0,0,1,1,0,0,1
811,859,301 W 57th St APT 41B,5275,1,1.5,0,0,1,1,0,0,1
812,860,301 W 57th St APT 22D,6800,2,2,1,1,1,1,0,0,1
813,861,410 W 53rd St APT 416,2862,0,1,0,0,0,1,0,1,1
814,862,410 W 53rd St APT 518,2954,0,1,0,0,0,1,0,1,1
815,863,410 W 53rd St APT 324,3323,1,1,0,0,0,1,0,0,1
816,864,410 W 53rd St APT 424,3415,1,1,0,0,0,1,0,0,1
817,865,410 W 53rd St APT 530,3438,1,1,0,0,0,1,0,0,1
818,866,410 W 53rd St APT 126,4431,1,1.5,0,0,0,1,0,0,1
819,867,410 W 53rd St APT 419,4892,2,2,0,0,0,1,0,0,1
820,868,410 W 53rd St APT 522,5077,2,2,0,0,0,1,0,0,1
821,869,410 W 53rd St APT 707,5169,2,2,0,0,0,1,0,0,1
822,870,1701 W 3rd St APT 3S,1725,1,1,0,0,1,1,0,0,0
823,871,1701 W 3rd St APT 2A,1725,1,1,0,0,1,1,0,0,0
824,872,1295 5th Ave # 34,2675,0,1,0,0,1,1,1,1,1
825,873,1295 5th Ave # 25,3125,2,1,0,0,1,1,1,0,1
826,874,1295 5th Ave # 15,3125,2,1,0,0,1,1,1,0,1
827,875,1295 5th Ave APT 34F,3195,2,1,0,0,1,1,1,0,1
828,876,17 Monitor St # 306,2700,1,1,1,1,1,1,0,0,0
829,877,17 Monitor St # II444I,2700,1,1,1,1,1,1,1,0,0
830,878,28 W 47th St # 5B,2700,1,1,0,0,1,1,0,0,1
831,879,28 W 47th St # 5,2700,1,1,0,0,1,1,0,0,1
832,880,260 Hicks St APT 4R,2250,1,1,0,0,0,1,0,0,0
833,881,260 Hicks St APT 9,2250,1,1,0,0,0,0,0,0,0
834,882,57 President St # GRDN,2799,2,1,0,0,1,1,0,0,0
835,883,57 President St # A1A,2800,2,1,0,0,1,1,0,0,0
836,884,57 President St # 1B,2800,2,1,0,0,1,1,0,0,0
837,885,643 Franklin Ave # 1FR,2750,3,1,0,0,0,1,0,0,0
838,886,643 Franklin Ave # 1R2,2796,3,1,0,0,0,1,0,0,0
839,887,1066 Park Pl APT 3B,2700,3,1,0,0,0,1,0,0,0
840,888,1066 Park Pl # B3B,2700,3,1,1,1,1,1,0,0,0
841,889,528 Midwood St # 2L,2000,1,1,1,1,1,1,1,0,0
842,890,528 Midwood Phff,2300,2,1,1,1,1,1,1,0,0
843,891,336 E 5th St APT 3RE,2400,1,1,0,0,0,1,0,0,1
844,892,336 E 5th St APT 2RR,2400,1,1,0,0,0,1,0,0,1
845,893,336 E 5th St # 2REE,2400,1,1,0,0,0,1,0,0,1
846,894,336 E 5th St APT 2RW,2400,1,1,0,0,0,1,0,0,1
847,895,314 Evergreen Ave # 4RR,2749,3,1,1,1,1,1,0,0,0
848,896,314 Evergreen Ave # 4AA,2749,3,1,0,0,1,1,0,0,0
849,897,27 E 42nd St # 2,1700,1,1,0,0,0,1,0,0,0
850,898,305 E 51st St APT 5C,5750,1,1.5,0,0,1,1,1,0,1
851,899,305 E 51st St,19500,4,4.5,0,0,1,1,1,0,1
852,900,1065 2nd Ave # 10,4200,0,1,0,0,1,1,0,1,1
853,901,1065 2nd Ave # 100,4554,1,1,0,0,1,1,0,0,1
854,902,1065 2nd Ave # 103,6200,1,1,0,0,1,1,0,0,1
855,903,1065 2nd Ave # 202,7757,2,2,0,0,1,1,0,0,1
856,904,1065 2nd Ave # 200,8178,2,2,0,0,1,1,0,0,1
857,905,1065 2nd Ave APT 12C,8650,2,2,0,0,1,1,0,0,1
858,906,1065 2nd Ave # 201,8797,2,2,0,0,1,1,0,0,1
859,907,1065 2nd Ave # 301,9450,3,2.5,0,0,1,1,0,0,1
860,908,1065 2nd Ave # 304,12589,3,3,0,0,1,1,0,0,1
861,909,385 1st Ave APT 3D,4050,1,1,0,0,1,1,1,0,1
862,910,385 1st Ave APT 14F,4500,1,1,0,0,1,1,1,0,1
863,911,458 W 52nd St PH A,2650,1,1,1,1,1,1,0,0,1
864,912,458 W 52nd St APT 1B,2750,1,1,0,0,1,1,0,0,1
865,913,458 W 52nd St APT 1C,3775,1,1.5,1,1,1,1,0,0,1
866,914,458 W 52nd St APT 4D,3975,2,2,0,0,1,1,0,0,1
867,915,458 W 52nd St # 4E,3950,3,2,0,0,1,1,0,0,1
868,916,210 W 10th St APT 4D,3000,0,1,0,0,0,1,0,1,1
869,917,210 W 10th St APT 5C,2995,1,1,0,0,0,1,0,0,1
870,918,51 Irving Pl # 5J,3018,0,1,0,0,1,1,0,1,1
871,919,51 Irving Pl # 1B,4350,1,1,0,0,1,1,0,0,1
872,920,51 Irving Pl # D,4550,1,1,0,0,1,1,0,0,1
873,921,280 Park Ave S APT 9J,4775,1,1,0,0,1,1,1,0,1
874,922,280 Park Ave S APT 7M,5400,1,1,1,1,1,1,1,0,1
875,923,399 E 72nd St # 13G,3375,1,1,0,0,1,1,1,0,1
876,924,399 E 72nd St APT 14F,3395,1,1,1,1,1,1,1,0,1
877,925,1236 Pacific St APT 2A,2300,2,1,1,1,1,1,0,0,0
878,926,1236 Pacific St APT 2G,2300,2,1,0,0,0,1,0,0,0
879,927,2157 Ocean Ave APT 1D,1600,1,1,0,0,1,1,0,0,0
880,928,2157 Ocean Ave APT 5G,1825,1,1,0,0,1,1,0,0,0
881,929,322 W 57th St APT 55Q,3950,0,1,1,1,1,1,1,1,1
882,930,322 W 57th St APT 27A,3700,1,1,1,1,1,1,1,0,1
883,931,322 W 57th St APT 18T,6800,2,2,0,0,1,1,1,0,1
884,932,322 W 57th St APT 30S,10000,3,2,0,0,1,1,1,0,1
885,933,322 W 57th St APT 44P4,18000,3,3.5,0,0,1,1,1,0,1
886,934,530 E 88th St APT 4B,2950,1,1,0,0,1,1,0,0,1
887,935,530 E 88th St # 4BB,2950,1,1,0,0,1,1,0,0,1
888,936,155 S 4th St APT 3R,2650,2,1,0,0,0,1,0,0,0
889,937,155 S 4th St # 1G,2650,2,1,0,0,0,1,0,0,0
890,938,155 S 4th St APT 3X,2650,2,1,0,0,0,1,0,0,0
891,939,155 S 4th St APT 3,2700,2,1,0,0,0,1,0,0,0
892,940,26 Wilson Ave # 222R,2500,3,1.5,0,0,0,1,0,0,0
893,941,26 Wilson Ave # 2R2,2500,3,1.5,0,0,0,1,0,0,0
894,942,319 6th Ave # 3FF,3750,1,1,0,0,0,1,0,0,1
895,943,319 6th Ave APT 4F,5075,2,1,0,0,0,1,0,0,1
896,944,969 Lafayette Ave APT 2L,2100,1,1,1,1,1,1,0,0,0
897,945,969 Lafayette Ave APT 2,2100,1,1,1,1,1,1,0,0,0
898,946,969 Lafayette Ave # 2L3,2100,1,1,0,0,0,1,0,0,0
899,947,235 E 55th St APT 34B,3700,1,1,0,0,1,1,0,0,1
900,948,235 E 55th St APT 45B,4695,1,1.5,1,1,1,1,1,0,1
901,949,235 E 55th St # 43AB,9500,3,3,1,1,1,1,1,0,1
902,950,137 W 110th St APT 3A,2750,1,1,0,0,0,1,0,0,1
903,951,137 W 110th St APT 3D,3000,3,1,0,0,1,0,0,0,1
904,952,1326 Ocean Ave # 7BF,2499,1,1,1,1,1,1,1,0,0
905,953,1326 Ocean Ave APT 1A,2495,2,1,1,1,1,1,1,0,0
906,954,1326 Ocean Ave # 6RF,2699,2,1,1,1,1,1,1,0,0
907,955,246 Johnson Ave # 1D3,3554,2,1.5,1,1,1,1,0,0,0
908,956,246 Johnson Ave # 1B,3540,3,1,1,1,1,1,1,0,0
909,957,246 Johnson Ave # 11B0,3550,3,1.5,1,1,1,1,0,0,0
910,958,404 E 83rd St APT 3C,1869,0,1,0,0,0,1,0,1,1
911,959,404 E 83rd St APT 1A,1975,1,1,0,0,0,1,0,0,1
912,960,381 S 3rd St # 40A4,2400,1,1,1,1,0,1,0,0,0
913,961,381 S 3rd St APT 2A,2400,1,1,1,1,0,1,0,0,0
914,962,381 S 3rd St # 2A2,2400,1,1,1,1,0,1,0,0,0
915,963,381 S 3rd St # 2KL,2450,1,1,1,1,0,1,0,0,0
916,964,186 Lenox Rd # 4P,2395,2,1,1,1,0,1,0,0,0
917,965,186 Lenox Rd # 8D,2395,2,1,1,1,0,1,1,0,0
918,966,186 Lenox Rd APT 1C,2399,2,1,1,1,0,1,1,0,0
919,967,186 Lenox Rd APT 1B,2400,2,1,1,1,0,1,1,0,0
920,968,186 Lenox Rd APT 3D,2400,2,1,1,1,1,1,1,0,0
921,969,186 Lenox Rd # 301,2400,2,1,1,1,0,1,1,0,0
922,970,186 Lenox Rd APT 2L,2450,2,1,1,1,0,1,1,0,0
923,971,186 Lenox Rd APT 5A,2500,2,1,1,1,0,1,1,0,0
924,972,186 Lenox Rd # 7GA,2650,2,1,1,1,0,1,1,0,0
925,973,1159 Eastern Pkwy APT 17,1949,2,1,0,0,0,1,0,0,0
926,974,1159 Eastern Pkwy APT 8,2495,3,1,0,0,0,1,0,0,0
927,975,420 E 54th St APT 612,2829,0,1,0,0,1,1,1,1,1
928,976,420 E 54th St APT 3404,3857,1,1,0,0,1,1,1,0,1
929,977,420 E 54th St APT 2008,4971,1,2,0,0,1,1,1,0,1
930,978,420 E 54th St APT 2905,5229,1,1.5,0,0,1,1,1,0,1
931,979,420 E 54th St APT 310,4714,2,1,0,0,1,1,1,0,1
932,980,420 E 54th St APT 205,5057,2,2,0,0,1,1,1,0,1
933,981,420 E 54th St APT 707,5143,2,2,0,0,1,1,1,0,1
934,982,420 E 54th St APT 2307,7457,2,2,0,0,1,1,1,0,1
935,983,420 E 54th St APT 3008,11143,3,2.5,0,0,1,1,1,0,1
936,984,303 E 37th St APT 4A,2500,0,1,0,0,1,1,0,1,1
937,985,303 E 37th St APT 3C,3275,1,1,0,0,1,1,0,0,1
938,986,303 E 37th St APT 4L,3375,2,1,0,0,1,1,1,0,1
939,987,1328 Hancock St # 101R,2250,3,1,0,0,0,1,0,0,0
940,988,1328 Hancock St # 1RR,2250,3,1,0,0,0,1,0,0,0
941,989,194 Ralph Ave # 3RL,2383,3,1,0,0,0,1,0,0,0
942,990,194 Ralph Ave # 3B4,2383,3,1,0,0,0,1,0,0,0
943,991,154 Washington Ave # 201,2495,1,1,0,0,0,1,0,0,0
944,992,154A Washington Ave APT 2A,2500,1,1,0,0,1,1,0,0,0
945,993,8802 Avenue J # 1,2000,2,2,0,0,0,1,0,0,0
946,994,8802 Avenue J # 2,2000,2,2,0,0,0,0,0,0,0
947,995,412 W 36th St APT 4B,4400,2,1,1,1,1,1,0,0,1
948,996,412 W 36th St APT 2B,5000,2,1,1,0,1,1,0,0,1
949,997,135 Ocean Ave APT 6A,2000,1,1,0,0,1,1,0,0,0
950,998,135 Ocean Ave APT 6J,2000,1,1,0,0,1,1,0,0,0
951,999,135 Ocean Ave APT 3J,2050,1,1,0,0,1,1,0,0,0
952,1000,135 Ocean Ave APT 2K,2595,2,1,0,0,0,1,0,0,0
953,1001,58 W 72nd St APT 3A,3400,1,1,0,0,0,1,0,0,1
954,1002,58 W 72nd St APT 2A,3200,2,1,0,0,0,0,0,0,1
955,1003,200 E 66th St APT E1003,5200,1,1,0,0,1,1,1,0,1
956,1004,200 E 66th St APT E902,6200,1,1,1,1,1,1,1,0,1
957,1005,200 E 66th St,6800,1,1.5,1,1,1,1,1,0,1
958,1006,200 E 66th St APT D503,9000,2,2,1,1,1,1,1,0,1
959,1007,200 E 66th St APT B1106,9500,2,2,1,1,1,1,1,0,1
960,1008,200 E 66th St APT B1205,9500,2,2,0,0,1,1,0,0,1
961,1009,200 E 66th St APT E1101,15500,3,3,1,1,1,1,1,0,1
962,1010,200 E 66th St APT A805,16500,3,3,1,1,1,1,1,0,1
963,1011,102 Scholes St APT 4F,3249,3,1.5,1,1,1,1,0,0,0
964,1012,102 Scholes St # 4F1,3250,3,1,0,0,1,1,0,0,0
965,1013,102 Scholes St # 4BN,3250,3,1,1,1,1,1,0,0,0
966,1014,120 W 21st St APT 216,3714,0,1,1,1,1,1,1,1,1
967,1015,120 W 21st St APT 219,3950,0,1,1,1,1,1,1,1,1
968,1016,120 W 21st St APT 816,3990,0,1,0,0,1,1,1,1,1
969,1017,120 W 21st St APT 417,4500,1,1,1,1,1,1,1,0,1
970,1018,120 W 21st St APT 910,4600,1,1,1,1,1,1,1,0,1
971,1019,120 W 21st St APT 309,4779,1,1,1,1,1,1,1,0,1
972,1020,120 W 21st St APT 609,4854,1,1,1,1,1,1,1,0,1
973,1021,120 W 21st St APT 914,4906,1,1,1,1,1,1,1,0,1
974,1022,120 W 21st St APT 1510,5004,1,1,1,1,1,1,1,0,1
975,1023,120 W 21st St APT 204,5361,1,1,1,1,1,1,1,0,1
976,1024,120 W 21st St APT 909,5400,1,1,0,0,1,1,1,0,1
977,1025,120 W 21st St APT 503,5490,1,1,0,0,1,1,1,0,1
978,1026,120 W 21st St APT 817,5500,1,1,0,0,1,1,1,0,1
979,1027,120 W 21st St APT 1106,6996,2,2,1,1,1,1,1,0,1
980,1028,314 E 62nd St # 2RW,2150,1,1,0,0,0,1,0,0,1
981,1029,314 E 62nd St APT 2A,2175,1,1,0,0,0,1,0,0,1
982,1030,314 E 62nd St # 4WR,2350,1,1,0,0,0,1,0,0,1
983,1031,314 E 62nd St APT 4D,2375,1,1,0,0,0,1,0,0,1
984,1032,807 Jefferson Ave # 5BB,2199,2,1,1,1,1,1,0,0,0
985,1033,807 Jefferson Ave # B5,2499,2,1,1,1,1,1,1,0,0
986,1034,137 Herkimer St # 108,2795,3,1,0,0,0,1,0,0,0
987,1035,420 E 80th St APT 10C,2646,0,1,1,0,1,1,1,1,1
988,1036,420 E 80th St APT 12I,3245,1,1,1,0,1,1,1,0,1
989,1037,420 E 80th St APT 4B,3245,1,1,1,1,1,1,1,0,1
990,1039,329 E 63rd St # 1,1995,0,1,0,0,1,1,0,1,1
991,1040,329 E 63rd St APT 1N,2000,0,1,0,0,1,1,0,1,1
992,1041,329 E 63rd St APT 2M,2645,1,1,0,0,1,1,0,0,1
993,1042,329 E 63rd St APT 3D,2895,2,1,0,0,1,0,0,0,1
994,1043,329 E 63rd St APT 4D,3200,3,1,0,0,1,1,0,0,1
995,1044,329 E 63rd St APT 6K,3400,3,1,0,0,1,0,0,0,1
996,1045,101 W End Ave APT 6X,3094,0,1,0,0,1,1,0,1,1
997,1046,101 W End Ave APT 6BB,4203,1,1,0,0,1,1,0,0,1
998,1047,101 W End Ave APT 30H,7159,2,2,0,0,1,1,0,0,1
999,1048,250 E 30th St APT 9C,2500,0,1,0,0,1,1,0,1,1
1000,1049,250 E 30th St APT 11B,6250,2,2,0,0,1,1,0,0,1
1001,1050,1 Irving Pl APT G16I,2975,0,1,0,0,1,1,1,1,1
1002,1051,1 Irving Pl APT V9H,2995,0,1,0,0,1,1,1,1,1
1003,1052,1 Irving Pl APT P10H,3250,0,1,1,1,1,0,0,1,1
1004,1053,1 Irving Pl APT U20G,3495,0,1,0,0,1,1,0,1,1
1005,1054,1 Irving Pl APT V7C,3800,1,1,0,0,1,0,1,0,1
1006,1055,1 Irving Pl APT P8L,4050,1,1,0,0,1,1,1,0,1
1007,1056,1 Irving Pl APT V8B,4200,1,1,0,0,1,1,1,0,1
1008,1057,1 Irving Pl APT V21E,4350,1,1,0,0,1,1,0,0,1
1009,1058,1 Irving Pl APT V7K,4795,1,1,1,1,1,1,1,0,1
1010,1059,1 Irving Pl APT U21E,5800,1,1,0,0,1,1,1,0,1
1011,1060,1 Irving Pl APT G28B,7200,1,2,0,0,1,1,1,0,1
1012,1061,447 Meeker Ave # 2,2850,1,1,1,1,1,1,0,0,0
1013,1062,447 Meeker Ave # 2FC,3100,1,1,1,1,1,1,0,0,0
1014,1063,447 Meeker Ave APT 4C,4400,4,2,1,1,1,1,0,0,0
1015,1064,305 Clarkson Ave APT 3A,2099,3,1,0,0,0,1,0,0,0
1016,1065,305 Clarkson Ave APT 3B,2099,3,1,0,0,0,1,0,0,0
1017,1066,157 W 57th St APT 39E,12850,1,2,1,1,1,1,1,0,1
1022,1071,265 S 2nd St # 17DA,3275,3,1,0,0,1,1,0,0,0
1023,1072,265 S 2nd St APT 1,4215,4,2,0,0,1,1,0,0,0
1024,1073,420 E 55th St APT 5K,2200,0,1,0,0,1,1,1,1,1
1025,1074,420 E 55th St APT 4T,2450,0,1,0,0,1,1,0,1,1
1026,1075,420 E 55th St APT 2M,3250,1,1,0,0,1,1,1,0,1
1027,1076,420 E 55th St APT 11-D,3875,1,1,0,0,1,1,0,0,1
1028,1077,86 Menahan St # 2ZQP,2390,2,2,0,0,1,1,0,0,0
1029,1078,86 Menahan St # L,2399,2,2,0,0,1,1,0,0,0
1030,1079,86 Menahan St # 2RR,2399,2,2,0,0,1,1,0,0,0
1031,1080,1038 Greene Ave # 2B,2805,3,1,1,1,1,1,1,0,0
1032,1086,1038 Greene Ave # 2A,2805,3,1,1,1,1,1,0,0,0
1033,1087,1038 Greene Ave APT 1D,3469,4,1,0,0,1,1,1,0,0
1034,1088,230 E 20th St APT 22,4900,1,1,0,0,1,1,1,0,1
1035,1089,230 E 20th St # 52,4900,1,1,0,0,1,1,1,0,1
1036,1090,230 E 20th St APT 36,5200,1,1,0,0,1,1,1,0,1
1037,1091,230 E 20th St APT 34,7000,2,2,0,0,1,1,1,0,1
1038,1092,47 Thames St # 4,3150,0,1,0,0,0,1,0,1,0
1039,1093,47 Thames St # 306BF,3195,0,1,0,0,0,1,0,1,0
1040,1094,47 Thames St APT 306,3200,0,1,0,0,0,1,0,1,0
1041,1095,200 E 15th St APT 8K,2800,0,1,0,0,1,1,0,1,1
1042,1096,200 E 15th St APT 8L,2800,0,1,0,0,0,1,1,1,1
1043,1097,50 Bayard St APT 3C,2285,0,1,0,0,1,1,0,1,1
1044,1098,50 Bayard St # 6,3500,2,1,0,0,1,1,0,0,1
1045,1099,50 Bayard St APT 6M,3500,2,1,1,1,0,1,1,0,1
